{
  "centroids": [
    -0.09423680066889677,
    -0.02828811999467261,
    0.028288119994672584,
    0.09423680066889675
  ],
  "boundaries": [
    -1.0,
    -0.06126246033178469,
    -1.214306433183765e-17,
    0.06126246033178467,
    1.0
  ],
  "mse_per_coord": 0.00045601577671115995,
  "mse_total": 0.11674003883805695,
  "d": 256,
  "bits": 2
}